-- MariaDB dump 10.19  Distrib 10.4.21-MariaDB, for Win64 (AMD64)
--
-- Host: 127.0.0.1    Database: urban_sport
-- ------------------------------------------------------
-- Server version	10.4.21-MariaDB

/*!40101 SET @OLD_CHARACTER_SET_CLIENT=@@CHARACTER_SET_CLIENT */;
/*!40101 SET @OLD_CHARACTER_SET_RESULTS=@@CHARACTER_SET_RESULTS */;
/*!40101 SET @OLD_COLLATION_CONNECTION=@@COLLATION_CONNECTION */;
/*!40101 SET NAMES utf8 */;
/*!40103 SET @OLD_TIME_ZONE=@@TIME_ZONE */;
/*!40103 SET TIME_ZONE='+00:00' */;
/*!40014 SET @OLD_UNIQUE_CHECKS=@@UNIQUE_CHECKS, UNIQUE_CHECKS=0 */;
/*!40014 SET @OLD_FOREIGN_KEY_CHECKS=@@FOREIGN_KEY_CHECKS, FOREIGN_KEY_CHECKS=0 */;
/*!40101 SET @OLD_SQL_MODE=@@SQL_MODE, SQL_MODE='NO_AUTO_VALUE_ON_ZERO' */;
/*!40111 SET @OLD_SQL_NOTES=@@SQL_NOTES, SQL_NOTES=0 */;

--
-- Table structure for table `brand`
--

DROP TABLE IF EXISTS `brand`;
/*!40101 SET @saved_cs_client     = @@character_set_client */;
/*!40101 SET character_set_client = utf8 */;
CREATE TABLE `brand` (
  `id` int(11) NOT NULL AUTO_INCREMENT,
  `name` varchar(55) NOT NULL,
  PRIMARY KEY (`id`),
  UNIQUE KEY `id_UNIQUE` (`id`)
) ENGINE=InnoDB AUTO_INCREMENT=12 DEFAULT CHARSET=utf8mb4;
/*!40101 SET character_set_client = @saved_cs_client */;

--
-- Dumping data for table `brand`
--

LOCK TABLES `brand` WRITE;
/*!40000 ALTER TABLE `brand` DISABLE KEYS */;
INSERT INTO `brand` VALUES (1,'Nike'),(2,'Reebok'),(3,'Fila'),(4,'Hush Puppies'),(6,'Adidas'),(7,'Lacoste'),(8,'Puma'),(9,'Vans'),(10,'Jordan'),(11,'DC');
/*!40000 ALTER TABLE `brand` ENABLE KEYS */;
UNLOCK TABLES;

--
-- Table structure for table `categories`
--

DROP TABLE IF EXISTS `categories`;
/*!40101 SET @saved_cs_client     = @@character_set_client */;
/*!40101 SET character_set_client = utf8 */;
CREATE TABLE `categories` (
  `id` int(11) NOT NULL AUTO_INCREMENT,
  `name` varchar(45) NOT NULL,
  PRIMARY KEY (`id`),
  UNIQUE KEY `id_UNIQUE` (`id`)
) ENGINE=InnoDB AUTO_INCREMENT=9 DEFAULT CHARSET=utf8mb4;
/*!40101 SET character_set_client = @saved_cs_client */;

--
-- Dumping data for table `categories`
--

LOCK TABLES `categories` WRITE;
/*!40000 ALTER TABLE `categories` DISABLE KEYS */;
INSERT INTO `categories` VALUES (4,'Hombres'),(5,'Mujeres'),(6,'Unisex'),(7,'Ni単os'),(8,'Ni単as');
/*!40000 ALTER TABLE `categories` ENABLE KEYS */;
UNLOCK TABLES;

--
-- Table structure for table `colour_product`
--

DROP TABLE IF EXISTS `colour_product`;
/*!40101 SET @saved_cs_client     = @@character_set_client */;
/*!40101 SET character_set_client = utf8 */;
CREATE TABLE `colour_product` (
  `id` int(11) NOT NULL AUTO_INCREMENT,
  `id_colour` int(11) NOT NULL,
  `id_product` int(11) NOT NULL,
  PRIMARY KEY (`id`),
  UNIQUE KEY `id_UNIQUE` (`id`),
  KEY `FK_f9b6a6fc-50db-43a2-817d-d0e781dbaed7` (`id_product`),
  KEY `FK_c45cb2d4-8597-4012-a0c1-5335bd5990c1` (`id_colour`),
  CONSTRAINT `FK_c45cb2d4-8597-4012-a0c1-5335bd5990c1` FOREIGN KEY (`id_colour`) REFERENCES `colours` (`id`) ON DELETE CASCADE ON UPDATE CASCADE,
  CONSTRAINT `FK_f9b6a6fc-50db-43a2-817d-d0e781dbaed7` FOREIGN KEY (`id_product`) REFERENCES `products` (`id`) ON DELETE CASCADE ON UPDATE CASCADE
) ENGINE=InnoDB DEFAULT CHARSET=utf8mb4;
/*!40101 SET character_set_client = @saved_cs_client */;

--
-- Dumping data for table `colour_product`
--

LOCK TABLES `colour_product` WRITE;
/*!40000 ALTER TABLE `colour_product` DISABLE KEYS */;
/*!40000 ALTER TABLE `colour_product` ENABLE KEYS */;
UNLOCK TABLES;

--
-- Table structure for table `colours`
--

DROP TABLE IF EXISTS `colours`;
/*!40101 SET @saved_cs_client     = @@character_set_client */;
/*!40101 SET character_set_client = utf8 */;
CREATE TABLE `colours` (
  `id` int(11) NOT NULL AUTO_INCREMENT,
  `name` varchar(55) NOT NULL,
  PRIMARY KEY (`id`),
  UNIQUE KEY `id_UNIQUE` (`id`)
) ENGINE=InnoDB AUTO_INCREMENT=12 DEFAULT CHARSET=utf8mb4;
/*!40101 SET character_set_client = @saved_cs_client */;

--
-- Dumping data for table `colours`
--

LOCK TABLES `colours` WRITE;
/*!40000 ALTER TABLE `colours` DISABLE KEYS */;
INSERT INTO `colours` VALUES (1,'Azul'),(2,'Verde'),(3,'Amarillo'),(4,'Rojo'),(5,'Negro'),(6,'Blanco'),(7,'Marron'),(8,'Rosa'),(9,'Violeta'),(10,'Naranja'),(11,'Gris');
/*!40000 ALTER TABLE `colours` ENABLE KEYS */;
UNLOCK TABLES;

--
-- Table structure for table `detail_sales`
--

DROP TABLE IF EXISTS `detail_sales`;
/*!40101 SET @saved_cs_client     = @@character_set_client */;
/*!40101 SET character_set_client = utf8 */;
CREATE TABLE `detail_sales` (
  `id` int(11) NOT NULL AUTO_INCREMENT,
  `id_sales` int(11) NOT NULL,
  `id_product` int(11) NOT NULL,
  `quantity` int(11) NOT NULL,
  `price` decimal(10,2) NOT NULL,
  `discount` decimal(10,2) NOT NULL,
  PRIMARY KEY (`id`),
  UNIQUE KEY `id_UNIQUE` (`id`),
  KEY `FK_88ce19dc-ec79-4a6a-8634-253e58b344b3` (`id_product`),
  KEY `FK_09e67638-703d-4ce9-baa0-4f35a6d2e180` (`id_sales`),
  CONSTRAINT `FK_09e67638-703d-4ce9-baa0-4f35a6d2e180` FOREIGN KEY (`id_sales`) REFERENCES `sales` (`id`) ON DELETE CASCADE ON UPDATE CASCADE,
  CONSTRAINT `FK_88ce19dc-ec79-4a6a-8634-253e58b344b3` FOREIGN KEY (`id_product`) REFERENCES `products` (`id`)
) ENGINE=InnoDB DEFAULT CHARSET=utf8mb4;
/*!40101 SET character_set_client = @saved_cs_client */;

--
-- Dumping data for table `detail_sales`
--

LOCK TABLES `detail_sales` WRITE;
/*!40000 ALTER TABLE `detail_sales` DISABLE KEYS */;
/*!40000 ALTER TABLE `detail_sales` ENABLE KEYS */;
UNLOCK TABLES;

--
-- Table structure for table `favorites`
--

DROP TABLE IF EXISTS `favorites`;
/*!40101 SET @saved_cs_client     = @@character_set_client */;
/*!40101 SET character_set_client = utf8 */;
CREATE TABLE `favorites` (
  `id` int(11) NOT NULL AUTO_INCREMENT,
  `id_product` int(11) NOT NULL,
  `id_user` int(11) NOT NULL,
  PRIMARY KEY (`id`),
  UNIQUE KEY `id_UNIQUE` (`id`),
  KEY `FK_268f0364-b2d5-42c8-b0ea-4e35a76b2e58` (`id_user`),
  KEY `FK_773a7d1f-93ef-45d5-a140-f0650404663f` (`id_product`),
  CONSTRAINT `FK_268f0364-b2d5-42c8-b0ea-4e35a76b2e58` FOREIGN KEY (`id_user`) REFERENCES `users` (`id`) ON DELETE CASCADE ON UPDATE CASCADE,
  CONSTRAINT `FK_773a7d1f-93ef-45d5-a140-f0650404663f` FOREIGN KEY (`id_product`) REFERENCES `products` (`id`) ON DELETE CASCADE ON UPDATE CASCADE
) ENGINE=InnoDB DEFAULT CHARSET=utf8mb4;
/*!40101 SET character_set_client = @saved_cs_client */;

--
-- Dumping data for table `favorites`
--

LOCK TABLES `favorites` WRITE;
/*!40000 ALTER TABLE `favorites` DISABLE KEYS */;
/*!40000 ALTER TABLE `favorites` ENABLE KEYS */;
UNLOCK TABLES;

--
-- Table structure for table `images`
--

DROP TABLE IF EXISTS `images`;
/*!40101 SET @saved_cs_client     = @@character_set_client */;
/*!40101 SET character_set_client = utf8 */;
CREATE TABLE `images` (
  `id` int(11) NOT NULL AUTO_INCREMENT,
  `name` varchar(100) NOT NULL,
  `productId` int(11) NOT NULL,
  PRIMARY KEY (`id`),
  UNIQUE KEY `id_UNIQUE` (`id`),
  KEY `FK_65c6b2a2-0c62-43ea-b689-48b04f696280` (`productId`),
  CONSTRAINT `FK_65c6b2a2-0c62-43ea-b689-48b04f696280` FOREIGN KEY (`productId`) REFERENCES `products` (`id`) ON DELETE CASCADE ON UPDATE CASCADE
) ENGINE=InnoDB DEFAULT CHARSET=utf8mb4;
/*!40101 SET character_set_client = @saved_cs_client */;

--
-- Dumping data for table `images`
--

LOCK TABLES `images` WRITE;
/*!40000 ALTER TABLE `images` DISABLE KEYS */;
/*!40000 ALTER TABLE `images` ENABLE KEYS */;
UNLOCK TABLES;

--
-- Table structure for table `products`
--

DROP TABLE IF EXISTS `products`;
/*!40101 SET @saved_cs_client     = @@character_set_client */;
/*!40101 SET character_set_client = utf8 */;
CREATE TABLE `products` (
  `id` int(11) NOT NULL AUTO_INCREMENT,
  `name` varchar(45) NOT NULL,
  `description` varchar(800) DEFAULT NULL,
  `price` decimal(10,2) NOT NULL,
  `discount` int(11) NOT NULL,
  `id_subcategory` int(11) NOT NULL,
  `visible` tinyint(2) NOT NULL,
  `stock` int(11) NOT NULL,
  `id_marca` int(11) NOT NULL,
  PRIMARY KEY (`id`),
  UNIQUE KEY `id_UNIQUE` (`id`),
  KEY `FK_1d153105-769b-4362-973e-db8d4a7ba32d` (`id_marca`),
  KEY `FK_9516ac4a-dc7a-4444-9503-c42112400384` (`id_subcategory`),
  CONSTRAINT `FK_1d153105-769b-4362-973e-db8d4a7ba32d` FOREIGN KEY (`id_marca`) REFERENCES `brand` (`id`) ON DELETE CASCADE ON UPDATE CASCADE,
  CONSTRAINT `FK_9516ac4a-dc7a-4444-9503-c42112400384` FOREIGN KEY (`id_subcategory`) REFERENCES `subcategories` (`id`) ON DELETE CASCADE ON UPDATE CASCADE
) ENGINE=InnoDB AUTO_INCREMENT=2 DEFAULT CHARSET=utf8mb4;
/*!40101 SET character_set_client = @saved_cs_client */;

--
-- Dumping data for table `products`
--

LOCK TABLES `products` WRITE;
/*!40000 ALTER TABLE `products` DISABLE KEYS */;
/*!40000 ALTER TABLE `products` ENABLE KEYS */;
UNLOCK TABLES;

--
-- Table structure for table `sales`
--

DROP TABLE IF EXISTS `sales`;
/*!40101 SET @saved_cs_client     = @@character_set_client */;
/*!40101 SET character_set_client = utf8 */;
CREATE TABLE `sales` (
  `id` int(11) NOT NULL AUTO_INCREMENT,
  `id_user` int(11) NOT NULL,
  `factura` varchar(100) NOT NULL,
  `finalprice` decimal(10,2) NOT NULL,
  `date_sale` datetime NOT NULL,
  PRIMARY KEY (`id`),
  UNIQUE KEY `id_UNIQUE` (`id`),
  KEY `FK_71be1eaa-fd91-4427-b46e-630cd6170f5b` (`id_user`),
  CONSTRAINT `FK_71be1eaa-fd91-4427-b46e-630cd6170f5b` FOREIGN KEY (`id_user`) REFERENCES `users` (`id`) ON DELETE CASCADE ON UPDATE CASCADE
) ENGINE=InnoDB DEFAULT CHARSET=utf8mb4;
/*!40101 SET character_set_client = @saved_cs_client */;

--
-- Dumping data for table `sales`
--

LOCK TABLES `sales` WRITE;
/*!40000 ALTER TABLE `sales` DISABLE KEYS */;
/*!40000 ALTER TABLE `sales` ENABLE KEYS */;
UNLOCK TABLES;

--
-- Table structure for table `subcategories`
--

DROP TABLE IF EXISTS `subcategories`;
/*!40101 SET @saved_cs_client     = @@character_set_client */;
/*!40101 SET character_set_client = utf8 */;
CREATE TABLE `subcategories` (
  `id` int(11) NOT NULL AUTO_INCREMENT,
  `name` varchar(45) NOT NULL,
  `categories_id` int(11) NOT NULL,
  PRIMARY KEY (`id`),
  UNIQUE KEY `id_UNIQUE` (`id`),
  KEY `FK_6aea5219-bb16-4847-a8e9-fe7759c5048f` (`categories_id`),
  CONSTRAINT `FK_6aea5219-bb16-4847-a8e9-fe7759c5048f` FOREIGN KEY (`categories_id`) REFERENCES `categories` (`id`) ON DELETE CASCADE ON UPDATE CASCADE
) ENGINE=InnoDB AUTO_INCREMENT=39 DEFAULT CHARSET=utf8mb4;
/*!40101 SET character_set_client = @saved_cs_client */;

--
-- Dumping data for table `subcategories`
--

LOCK TABLES `subcategories` WRITE;
/*!40000 ALTER TABLE `subcategories` DISABLE KEYS */;
INSERT INTO `subcategories` VALUES (1,'Bermudas y Shorts',5),(2,'Calzas',5),(3,'Zapatillas',5),(4,'Blusas',5),(5,'Polleras',5),(6,'Pantalones, Jeans y Joggings',5),(7,'Remeras, Musculosas y Chombas',5),(8,'Trajes de Ba単o',5),(9,'Bermudas y Shorts',4),(10,'Zapatillas',4),(11,'Botines',5),(12,'Botines',4),(13,'Camisas',4),(14,'Pantalones, Jeans y Joggings',4),(15,'Remeras, Musculosas y Chombas',4),(16,'Bermudas y Shorts',6),(17,'Blusas',6),(18,'Abrigos',6),(19,'Zapatillas',6),(20,'Calzas',6),(21,'Camisas',6),(22,'Pantalones, Jeans y Joggings',6),(23,'Polleras',6),(24,'Remeras, Musculosas y Chombas',6),(25,'Trajes de ba単o',6),(26,'Enteritos',7),(27,'Enteritos',8),(28,'Abrigos',7),(29,'Abrigos',8),(30,'Calzado',7),(31,'Calzado',8),(33,'Calzas',8),(34,'Polleras',8),(35,'Pantalones, Jeans y Joggings',8),(36,'Remeras, Musculosas y Chombas',8),(37,'Remeras, Musculosas y Chombas',7),(38,'Pantalones, Jeans y Joggings',7);
/*!40000 ALTER TABLE `subcategories` ENABLE KEYS */;
UNLOCK TABLES;

--
-- Table structure for table `talle_product`
--

DROP TABLE IF EXISTS `talle_product`;
/*!40101 SET @saved_cs_client     = @@character_set_client */;
/*!40101 SET character_set_client = utf8 */;
CREATE TABLE `talle_product` (
  `id` int(11) NOT NULL AUTO_INCREMENT,
  `id_talle` int(11) NOT NULL,
  `id_product` int(11) NOT NULL,
  PRIMARY KEY (`id`),
  UNIQUE KEY `id_UNIQUE` (`id`),
  KEY `FK_50ba203a-dc6f-4412-83f2-7f4e3faca988` (`id_talle`),
  KEY `FK_363fd09c-443b-4bfd-9b5b-e9a23d2a83ce` (`id_product`),
  CONSTRAINT `FK_363fd09c-443b-4bfd-9b5b-e9a23d2a83ce` FOREIGN KEY (`id_product`) REFERENCES `products` (`id`) ON DELETE CASCADE ON UPDATE CASCADE,
  CONSTRAINT `FK_50ba203a-dc6f-4412-83f2-7f4e3faca988` FOREIGN KEY (`id_talle`) REFERENCES `talles` (`id`) ON DELETE CASCADE ON UPDATE CASCADE
) ENGINE=InnoDB DEFAULT CHARSET=utf8mb4;
/*!40101 SET character_set_client = @saved_cs_client */;

--
-- Dumping data for table `talle_product`
--

LOCK TABLES `talle_product` WRITE;
/*!40000 ALTER TABLE `talle_product` DISABLE KEYS */;
/*!40000 ALTER TABLE `talle_product` ENABLE KEYS */;
UNLOCK TABLES;

--
-- Table structure for table `talles`
--

DROP TABLE IF EXISTS `talles`;
/*!40101 SET @saved_cs_client     = @@character_set_client */;
/*!40101 SET character_set_client = utf8 */;
CREATE TABLE `talles` (
  `id` int(11) NOT NULL AUTO_INCREMENT,
  `talle` varchar(45) NOT NULL,
  PRIMARY KEY (`id`),
  UNIQUE KEY `id_UNIQUE` (`id`)
) ENGINE=InnoDB AUTO_INCREMENT=8 DEFAULT CHARSET=utf8mb4;
/*!40101 SET character_set_client = @saved_cs_client */;

--
-- Dumping data for table `talles`
--

LOCK TABLES `talles` WRITE;
/*!40000 ALTER TABLE `talles` DISABLE KEYS */;
INSERT INTO `talles` VALUES (1,'XS'),(2,'S'),(3,'M'),(4,'L'),(5,'XL'),(6,'XXL'),(7,'XXXL');
/*!40000 ALTER TABLE `talles` ENABLE KEYS */;
UNLOCK TABLES;

--
-- Table structure for table `users`
--

DROP TABLE IF EXISTS `users`;
/*!40101 SET @saved_cs_client     = @@character_set_client */;
/*!40101 SET character_set_client = utf8 */;
CREATE TABLE `users` (
  `id` int(11) NOT NULL AUTO_INCREMENT,
  `name` varchar(45) NOT NULL,
  `last_name` varchar(65) NOT NULL,
  `email` varchar(70) NOT NULL,
  `password` varchar(100) NOT NULL,
  `phone` int(45) DEFAULT NULL,
  `address` varchar(125) DEFAULT NULL,
  `rol_id` tinyint(2) NOT NULL,
  `province` varchar(100) DEFAULT NULL,
  `city` varchar(45) DEFAULT NULL,
  `avatar` varchar(100) NOT NULL,
  `dni` int(15) DEFAULT NULL,
  `postalcode` int(25) DEFAULT NULL,
  `dark_mode` tinyint(2) NOT NULL,
  PRIMARY KEY (`id`),
  UNIQUE KEY `id_UNIQUE` (`id`)
) ENGINE=InnoDB AUTO_INCREMENT=2 DEFAULT CHARSET=utf8mb4;
/*!40101 SET character_set_client = @saved_cs_client */;

--
-- Dumping data for table `users`
--

LOCK TABLES `users` WRITE;
/*!40000 ALTER TABLE `users` DISABLE KEYS */;
INSERT INTO `users` VALUES (1,'fede','cione','fede@mail.com','$2a$10$iL8h3UGO./CD1zbUrUmW9ekl703ePauq/cCtsxc7rzy7wZj2zoq1i',NULL,NULL,0,NULL,NULL,'default.png',NULL,NULL,0);
/*!40000 ALTER TABLE `users` ENABLE KEYS */;
UNLOCK TABLES;
/*!40103 SET TIME_ZONE=@OLD_TIME_ZONE */;

/*!40101 SET SQL_MODE=@OLD_SQL_MODE */;
/*!40014 SET FOREIGN_KEY_CHECKS=@OLD_FOREIGN_KEY_CHECKS */;
/*!40014 SET UNIQUE_CHECKS=@OLD_UNIQUE_CHECKS */;
/*!40101 SET CHARACTER_SET_CLIENT=@OLD_CHARACTER_SET_CLIENT */;
/*!40101 SET CHARACTER_SET_RESULTS=@OLD_CHARACTER_SET_RESULTS */;
/*!40101 SET COLLATION_CONNECTION=@OLD_COLLATION_CONNECTION */;
/*!40111 SET SQL_NOTES=@OLD_SQL_NOTES */;

-- Dump completed on 2021-10-19 12:52:23
